brain.area,voxels
Superior_longitudinal_fasciculus_left,51.66527197
PRECENTRAL_WM_left,44.1016973
External_capsule_left,38.01361822
INFERIOR_FRONTAL_WM_left,35.94309234
PRECENTRAL_GYRUS_left,31.32133798
INSULAR,32.5348776
Superior_corona_radiata_left,29.27631579
PUTAMEN_left,19.65589155
Posterior_limb_of_internal_capsule_left,18.48354021
INFERIOR_FRONTAL_GYRUS_left,18.69253358
MIDDLE_FRONTAL_WM_left,14.32980889
SUPRAMARGINAL_WM_left,14.28089698
SUPRAMARGINAL_GYRUS,14.28977273
SUPERIOR_TEMPORAL_GYRUS,13.77503565
POSTCENTRAL_WM_left,10.90336912
POSTCENTRAL_GYRUS_left,10.42299514
MIDDLE_FRONTAL_GYRUS_left,5.253462509
Retrolenticular_part_of_internal_capsule_left,5.111402359
SUPERIOR_TEMPORAL_WM_left,3.966038614
Anterior_limb_of_internal_capsule_left,1.247947455
Anterior_corona_radiata_left,0.215703192
Background,0.001311178
